{
  "basics": {
    "name": "FATEMEH POURYAHYA",
    "label": "Student",
    "picture": "https://techfolios.github.io/template/images/44.png",
    "email": "fpour100@gmail.com",
    "phone": "",
    "website": "https://bamdadi.github.io",
    "summary": "Hi! I am a master’s student with concentration in statistics in the mathematics and statistics department at University of Ottawa. My research interest revolve around mathematical, computational and data analytic problems with biological and biomedical implications. I am currently doing research in computational comparative genomics at David Sankoff’s lab. 
Previously, I worked as an accounting expert in couple of industries, and I received my bachelor’s degree with concentration in applied mathematics in the mathematics, statistics, and computer science department at University of Tehran.
.",
    "location": {
      "address": "",
      "postalCode": "",
      "city": "Tehran",
      "countryCode": "IR",
      "region": "Tehran"
    },
    "profiles": [
      {
        "network": "github",
        "username": "mmaluhia",
        "url": "https://github.com/FatemehPouryahya"
      },
      {
        "network": "linkedin",
        "username": "mollymaluhia",
        "url": "https://www.linkedin.com/in/fatemeh-pouryahya-487720181/"
      },
      {
        "network": "twitter",
        "username": "",
        "url": "http://twitter.com/changeme"
      },
      {
        "network": "instagram",
        "username": "",
        "url": "http://instagram.com/changeme"
      }
    ]
  },
  "interests": [
    {
      "name": "Computational biology",
      "keywords": [
        "Arduino",
        "TI MSP430"
      ]
    },
    {
      "name": "Machine learning",
      "keywords": [
      ]
    },
    {
      "name": "Modeling",
      "keywords": [
      ]
    }
    {
      "name": "Algorithms",
      "keywords": [
      ]
    }
  ],
  "skills": [
    {
      "name": "Languages and Frameworks",
      "level": "",
      "keywords": [
        "C",
        "C++",
        "Java",
        "Javascript",
        "Assembly",
        "Common Lisp"
      ]
    },
    {
      "name": "Toolsets/OS",
      "level": "",
      "keywords": [
        "MacOS",
        "Ubuntu",
        "Git/GitHub",
        "g++",
        "TI LaunchPad"
      ]
    }
  ],
  "education": [
    {
      "institution": "Univ. of Ottawa, Canada",
      "area": "Computer Science (expected Spring, 2018)",
      "studyType": "B.S.",
      "startDate": "2013-09-01",
      "endDate": "Present",
      "gpa": "",
      "courses": [
      ]
    }
  ],
  "work": [
    {
      "company": "UH Manoa Board of Publications",
      "position": "Web Developer",
      "website": "",
      "startDate": "2015-08-01",
      "endDate": "Present",
      "summary": "Head of online presence for Ka Leo",
      "highlights": [
        "Maintain, update, and oversee official college newspaper website",
        "Drive, design and build student-community projects for UH Manoa"
      ]
    },
    {
      "company": "UH Information Technology Services",
      "position": "Help Desk Consultant",
      "website": "http://www.hawaii.edu/its/",
      "startDate": "2015-01-01",
      "endDate": "2016-03-15",
      "summary": "",
      "highlights": [
        "Troubleshoot software, hardware and networking issues over the phone",
        "Answer phone and email responses to the ITS Help Desk"
      ]
    }
  ],
  "volunteer": [
    {
      "organization": "Center for Renewable Energy and Island Sustainability",
      "website": "http://manoa.hawaii.edu/reis",
      "position": "Software Developer",
      "startDate": "2016-01-01",
      "endDate": "Present",
      "summary": "Lead developer for weather sensing project",
      "highlights": [
        "Design firmware for distributed weather sensor network",
        "Maintain custom data collection and storage infrastructure"
      ]
    },
    {
      "organization": "",
      "website": "",
      "position": "Professional organization involvement",
      "startDate": "",
      "endDate": "",
      "summary": "",
      "highlights": [
        "Chair, ACM Manoa, 2016-Present",
        "Member, IEEE Student Branch, 2014-Present",
        "Webmaster/IT Officer, IEEE Student Branch, UH Manoa, 2012-2013"
      ]
    }
  ],
  "awards": [
    {
      "title": "B+ Scholarship",
      "date": "2013-Present",
      "awarder": "State of Hawaii",
      "summary": "Scholarships awarded to incoming freshmen and continuing students who complete a rigorous high school curriculum with a minimum overall GPA of 3.0 at a Hawai'i public school."
    },
    {
      "title": "First place",
      "date": "2015",
      "awarder": "University of Hawaii Micromouse Competition",
      "summary": "My team won first place in 2015.  See my portfolio site for more details."
    }
  ],
  "references": [
    {
      "name": "Available upon request",
      "reference": ""
    }
  ]
}
